{
	"name": "Archer Time",
	"version": "1.0.0.0",
	"description": "",
	"id": "",
	"unique-id": "carot1vhhlq",
	"viewport-width": 958,
	"viewport-height": 480,
	"author": "",
	"email": "",
	"website": "",
	"orientations": "landscape",
	"c2version": "244",
	"c3version": "r432.2",
	"ife": false,
	"used-plugins": [
		"TiledBg",
		"Sprite",
		"Keyboard",
		"Spritefont2",
		"Text",
		"Mouse",
		"Audio"
	],
	"used-behaviors": [
		"solid",
		"Pin",
		"Platform",
		"bound",
		"scrollto",
		"Sin",
		"Anchor",
		"Bullet",
		"destroy",
		"Flash"
	]
}